date,rating,title,review,version,author
2026-03-31T18:40:02-07:00,5,Very helpful,I can definitely hear my English sounds better,3.6.9,Berichmom
2026-03-28T20:32:55-07:00,5,Speech,I enjoy the app and the lessons are valuable. Is there any chance you can introduce tips or lessons on how to speed up the speach while still pronouncing words correctly?,3.6.9,Surflifedream
2026-03-25T14:46:59-07:00,5,Awesome 🤩,Haven’t seen an app like this before. It looks simple but process of the learning build very professional . I’m not shy about speaking up,3.6.9,Snezone
2026-03-25T08:05:24-07:00,5,Amazing to start speaking well,I like it,3.6.9,mohattar
2026-03-22T05:09:20-07:00,5,Excellent app,This app is amazing,3.6.7,GIRMS
2026-03-21T22:29:07-07:00,5,Expensive but worth it,It’s helping me a lot,3.6.7,KaremBen
2026-03-21T12:37:31-07:00,5,Super,It’s the best,3.6.7,japierre
2026-03-21T12:25:22-07:00,5,Great program,Five stars,3.6.7,Old slow turtle
2026-03-20T21:08:07-07:00,5,Great,I love this app is Amazing help me so much,3.6.7,Yelitza1312
2026-03-19T20:00:28-07:00,1,Only English?,"Why only English? This could be such a fantastic app for all tongues. Please consider adding Hebrew, Greek, Arabic, Aramaic, Mandarin, Cantonese, Japanese, Italian, French, Spanish and I’ll throw in Norwegian for my multilingual brother’s sake. Just to name a few favorites.",3.6.7,JuliusCsuresWife
2026-03-19T05:12:54-07:00,3,I like but I don’t love it,"Sometimes the pronunciation change in each trial, it’s a little confuse.",3.6.7,Viajera2023123
2026-03-18T21:04:07-07:00,5,It does work,It helps a lot,3.6.7,soniag
2026-03-18T13:58:07-07:00,5,Absolutely good application,"I Feel, more confidence, Speaking, English. The practice is so easy. I recommended.",3.6.7,Devil Louis
2026-03-16T20:47:28-07:00,5,Very easy to start !,I just started a work on my pronunciation- and this APP real help me quick to understand the difference between my pronunciation and the normal 🤪 so thank you!,3.6.6,stylist_medvedeva_ua
2026-03-16T02:15:29-07:00,5,Bold Voice,Best app ever to learn pronouncing but it’s free.,3.6.6,Sora Rhd
2026-03-14T07:32:07-07:00,1,SCAM,"Be careful. After free trial, they charge you the annual fee and don't let you cancel it. This app is not worth the fee. Do duolingo and make foreign friends. I don't want to give even a one star. Such a horrible and disappointing experience. What a shame!",3.6.6,hihellohihaha1234
2026-03-14T06:18:36-07:00,5,Nice,Excellent and very usefull app!,3.6.6,Icman744
2026-03-13T20:38:58-07:00,1,Scam,"Everyone — do not install this app! These are scammers! Under the guise of technical issues, they steal money.

When installing the app, it stated that the first week was a free trial and that we would be notified before the trial period ended and before any money was charged. However, after five days, I received a notification from my credit card that this app had attempted to charge my card, but I never received any email warning that the trial period was ending. Moreover, the charge they attempted was for a full annual subscription. Fortunately, my credit card declined the transaction.

I then went to the “Subscriptions” section in my phone’s settings, but this app was not listed there. After that, I logged into my account within the app’s settings and tried to cancel the subscription. I pressed the delete/cancel option multiple times, but the subscription would not be removed. I also tried to switch from the annual plan to a monthly plan, but that didn’t work either.

I decided not to do anything further at that moment, but the next morning they tried to charge my card again. I then went into the app and DELETED MY ACCOUNT. Two days later, they tried to charge my card again.

In the end, I had to block my card and request a replacement.",3.6.6,Fhhegdax
2026-03-11T20:56:29-07:00,5,For what I see,"It’s a great app
I really enjoy and recommend it!",3.6.5,Peghera
2026-03-10T23:01:01-07:00,4,I like it,But I need to now if it’ll help me get my American pronunciation in a long run,3.6.3,Edit12312
2026-03-07T18:29:33-07:00,5,Hospitality,I love the way they are explaining each word,3.6.3,Margalvan
2026-03-06T17:27:24-07:00,5,Muy diferente a todas las demás.,"Desde Wlingüa, la cual fue la primera app, con la que yo me sentí a gusto y entretenido; BoldVoice ha sido la única después de tantos años, que me ha devuelto las ganas de seguir practicando inglés.",3.6.3,ELQ1988
2026-03-05T18:49:03-07:00,5,Great educational software,Really nice designed and  engineered piece of art. Try it.,3.6.3,dealancer7
2026-03-04T19:24:15-07:00,5,Great,Very thorough and clear,3.6.3,god144
2026-03-02T13:47:02-07:00,5,excellent,"I love this app, it helps me a lot with pronunciation and different sounds, it's wonderful!",3.6.3,Yaha2208
2026-03-02T03:11:12-07:00,5,Excellent,A good way to improve your pronunciation I really recommend it,3.6.3,Angeles83
2026-03-01T00:46:10-07:00,4,"Nice try, friendly interface","I think it is impossible to improve one’s pronunciation after a certain age. I do not hear the difference between the correct and wrong sounds, and my muscles are incapable of do what is required. But it keeps me entertained.",3.6.3,Old Russian lady
2026-02-27T13:14:07-07:00,5,Surprised!,I thought it would be a tedious process but I am actually having a lot of fun while improving my communication skills. Thanks!,3.6.2,Roccoaki
2026-02-26T10:25:03-07:00,5,Bold voice is a great app,BoldVoice has really helped me improve my English pronunciation highly recommended!,3.6.2,Ksosa24
2026-02-26T00:30:05-07:00,5,"Good pronunciation 
Tutorial",Good for people with foreign accent,3.6.1,BRILI2773
2026-02-25T14:24:36-07:00,5,Es exigente,Me gusta el nivel de exigencia que maneja la app así logro pronunciar y memorizar el sonido con asociaciones.,3.6.1,Cecylatin
2026-02-23T23:38:10-07:00,5,Good for beginners,"Honestly, this is a surprisingly good app for pronunciation that I’ve been looking for.",3.6.1,Snowbunnysnow
2026-02-21T15:52:26-07:00,5,Great to correct your accent,The quality of the accent correction is impressive ( they use an American accent) and  they keep improving the app by adding more features,3.6.0,Asdftyuh
2026-02-21T06:48:44-07:00,5,Great tutorial,5 stars,3.6.0,Torogi pintat
2026-02-20T06:08:36-07:00,5,the best,"This is honestly the best pronunciation app I’ve ever found.
It has helped me improve and correct my pronunciation in a way that feels clear, practical, and effective.

The AI technology inside the app is incredibly powerful and accurate. It gives detailed feedback and really helps you understand your mistakes and fix them properly.

If you’re serious about improving your English pronunciation and sounding more natural, this app is a game changer. Highly recommended!",3.6.0,smnhsn94
2026-02-20T05:43:13-07:00,5,Bug,"Thank you for this app. I feel that I am really improving my pronunciation. DEVELOPERS, I found a bug. When I am using airpods, I can hear all sounds in aipods, but when I talk, my recorded sound is recorded from phone’s microphone and not airpod’s microphone! So in loud environment the tecording is extremely weak, but when I talk straight to phone’s microphone even when airpods are connected, then sounds is recorded clearly. I also tried to use cable headphones with USB-C adapter. In that case the sound is recorded correctly from headphone’s microphone.",3.6.0,Hunter panther
2026-02-19T21:13:49-07:00,5,Love it,Its too easy for me,3.6.0,olivazm
2026-02-19T07:20:51-07:00,1,Beware AI robots,I am very disappointed with this company. You interact with a stubborn AI robot. If you need customer service or a human to talk too good luck. I paid for a subscription and was locked out. Not being able to reactivate my app unless I pay again. It’s a mess. So in short I paid for a service I’m not receiving. Buyer beware.,3.6.0,BikemenFL
2026-02-17T04:41:54-07:00,4,One-year account and AI chat,I bought a one-year account and I want this section to be activated because I purchased the software and one-year account just for this section. I am very upset that AI chat 😭section is still inactive.,3.6.0,Nayere’s
2026-02-16T17:02:39-07:00,5,The Gramarly of English Pronunciation,Love it,3.6.0,egarciav
2026-02-16T08:56:25-07:00,5,Excelente App,👏👏👏,3.6.0,Madamelguera
2026-02-16T07:41:27-07:00,5,Very practical,This a very practical method and shows exactly how to move your tongue and lips so you can make the sounds correctly. Loved it!,3.6.0,Kandymom73
2026-02-15T22:11:02-07:00,1,Not accurate at listening to,Not sensitive to accent at all,3.6.0,Leana88
2026-02-15T11:26:11-07:00,5,Built over time,"It is useful! In the first two month, I did not see much improve, which made me a bit upset. But after four months, my pronunciation and accent improved a lot! (Speech scan score from 74 to 85 after four months practice)",3.6.0,c910xl
2026-02-15T06:10:37-07:00,5,Truly confident,I’m truly confident that BoldVoice will make me active my objective of speak English if not exactly but at least close than I Native American in the blink of an eye. (I’m really enjoying),3.6.0,X Renato y
2026-02-13T19:20:52-07:00,5,Súper,I like the program thanks,3.6.0,Necrozisscardiaca
2026-02-12T20:45:43-07:00,5,Great coaches,"The app works really well, the coaches break down the pronunciation in different ways so it’s easy to get it, and it’s kind of fun to work through it.",3.6.0,Gabrielalj
2026-02-12T10:54:30-07:00,5,Great learning app,"I love this app, really great .",3.6.0,Johnqueen
2026-02-11T15:51:03-07:00,5,Best app,"I just started and I loved it, I will be back soon to tell you more about my progress.",3.6.0,shyrlei lage
2026-02-11T05:36:55-07:00,5,Pronunciation,MG💯😘,3.6.0,MG💯😘
2026-02-10T09:51:45-07:00,5,超级无敌巨巨巨巨无敌的一个app,三生有幸能够遇到这样的app，你是我的神！！！！！！！！超级无敌巨巨巨巨巨巨巨巨巨巨巨巨巨巨好用，好用到哭泣，哭的我昏天黑地不知所云，超级好用，总之好用到要命，制作超级用心精细细致细腻的一个app！！！！！！！可惜我只能薅一个前7天免费的羊毛…>_<…，恨我不是一个有钱人(;´༎ຶД༎ຶ`)！！！！真的巨好用巨巨巨巨巨巨巨巨好用，好用到泣血，一人血书推荐！！！！！！！！我爱你制作人！！！！爱你么么哒！！！h,3.6.0,努力成为大佬
2026-02-08T10:08:01-07:00,5,Amazing app!,"This is hands down the BEST app for accent training! I’ve tried many other apps and none of the others comes even close to the quality of BoldVoice! 
BoldVoice is very effective because it combines many tools to help you improve your accent. First, it scans your pronunciation and gives you a customized lesson plan targeting your specific needs. Then, every lesson starts with an instructional video how to pronounce the sounds you are having difficulty with. This is followed by a practice session - during the exercises you get immediate feedback on your pronunciation of all sounds of the word or sentence. 
It’s very effective and I’d say a little bit addictive 😄 I can hardly wait to my next session.",3.6.0,Zoe Wlo
2026-02-07T14:39:47-07:00,5,Great app,Love it,3.6.0,Sofiamp
2026-02-07T09:57:22-07:00,4,"Great idea, but the trial period is too short","I really love the concept of this app, but the 7-day trial is too short to fully understand how everything works. After the trial ends, only a yearly subscription is offered. I’d be happy to purchase a yearly plan, but I need more time to see whether the app actually works for me before making that commitment. That’s the only reason I’m giving it four stars. A monthly subscription option is a must.",3.6.0,Bugra215
2026-02-06T14:08:49-07:00,5,Love this App!,It really really helps my pronunciation. It points out my issues and helps me improve. 5 stars!,3.5.8,Aaron J Xie
2026-02-06T06:14:56-07:00,2,To expensive,read title,3.5.8,andras.mohacsi
2026-02-05T19:29:45-07:00,5,Exceptional,I’m so so surprised how wonderful is the AI to catch your pronunciation mistakes.,3.5.8,Daniel Bust
2026-02-05T18:35:21-07:00,5,Excellent,Excellent in capturing your mistakes and gives very detailed explanation and images of the correct pronunciation. Also very pleasant.,3.5.8,Tatiana7
2026-02-05T12:43:29-07:00,5,Genial,"Me gusta mucho la aplicación,me gusta la forma en que enseña.",3.5.8,Perraso79
2026-02-05T11:39:48-07:00,5,I’m learning a lot!,I’ve been in the United States for 20 years. My English is good. But my pronunciation has been the tough part. This app teaches me a lot about pronunciation. It’s definitely worth the investment.,3.5.8,Andres Mejia Vallejo
2026-02-04T19:38:54-07:00,3,Very helpful,"Love this app! Finding out things I wouldn’t have thought of. Very challenging, downright frustrating at times but so worth it",3.5.7,Kea711
2026-02-04T19:15:50-07:00,5,Fun and effective,"I am very fluent in English, however sometimes I mispronounce some words. I find that BoldVoice is a fun and interesting way of correcting those flows and speaking more confidently. Communication is essential in sales!",3.5.7,LeslindaG
2026-02-02T21:05:53-07:00,5,I learnings,Great,3.5.7,Lewismarte
2026-02-02T19:42:46-07:00,4,Awesome,It’s great app helping me but  little expensive .,3.5.7,Samrau sean
2026-02-02T19:25:42-07:00,1,App doesn't work,"I am 1 yr subs user. but I can't use the app. The app doesn't work at all.... plz fix this 

another suggestion is 
1) Need multiple alarm setting so I can keep my streak. one time is not enough when I am busy

2) Need a streak prevention item or something like duolingo. I am also a Duo user having 800+ days streak",3.5.7,RainDrop@
2026-01-31T04:46:16-07:00,5,Amazing App,This helps improve my pronunciation,3.5.6,AjuSRP
2026-01-29T05:11:18-07:00,5,Indicated Improvement Areas,This app assessed my speech and showed me areas I need improving. This is my first day and I’m optimistic,3.5.6,Devin_Bee
2026-01-27T15:28:50-07:00,5,Very productive,"It’s really good to have an expert evaluating your pronunciation, easy to use and lessons are very helpful.",3.5.6,Nasty2891
2026-01-27T11:42:59-07:00,5,Excellent,Really helpful,3.5.6,Hamid mazidi
2026-01-27T11:13:50-07:00,3,i’m not sure.,"i saw this app on my recommended on instagram and decided to try it. i’m a native english speaker and have been my entire life, so i figured this app would pass me through easily. i feel like the app is ridiculously critical. there is no way i got every single word wrong, and it seemed to stop me on words just for taking a breath at the end of a recording or something. this can cause people to think they make mistakes when really they didn’t and they sound fine. PLEASE fix this, it isn’t fair for anyone trying to genuinely learn.",3.5.6,Luvbrooklynzn
2026-01-27T02:40:30-07:00,5,reviewing from my 2nd day!,on my 2nd day of BoldVoice! not only i’m learning a lot but also i’m having lots of fun.,3.5.6,clemen99
2026-01-26T19:38:43-07:00,5,Paul,Good,3.5.6,Paul Myint
2026-01-24T17:28:21-07:00,5,I was skeptical but now I love it,Exceeded my expectations many times,3.5.4,Rashad Hasanzade
2026-01-23T19:57:21-07:00,5,Best App Purchase Ever,"I’m Italian and I’ve lived in the U.S. for almost two decades - yet somehow kept the full-on Godfather accent (think the distant cousins who never left the old country).
The first weeks were tough. Soon I started hearing the practice sounds in everyday and catch myself fixing old habits.",3.5.4,hopedavisfan
2026-01-22T18:55:33-07:00,5,Great investment,"BoldVoice has been a great investment. The AI guidance and clear video lessons make practicing pronunciation easy and effective, and the app’s smooth performance makes learning enjoyable. Considering the quality and the progress I’ve made in improving my accent, it feels worth every penny.",3.5.4,DannyQQ
2026-01-22T06:22:28-07:00,5,Good app,Recommended,3.5.4,alex bali
2026-01-21T19:13:17-07:00,1,Garbage,"I was exercising for last 2 weeks. It is absolutely annoying. 
I literally can’t hear a difference between mine and the AI pronouncing.
I am a soft spoken person. I have no issues conversing with others. But this app is literally coming up with sounds that I don’t make and I don’t hear on the recording.
I think it makes my accent sound worse than I have. 
I see no progress so far. I think it’s a huge waste of money. 
Also commentary so repetitive. You could have used some AI to generate a better encouragement and keep the track of previous ones.",3.5.4,tkaphi
2026-01-21T13:45:32-07:00,5,Practice practice practice,Really great for self practice. Thanks,3.5.4,Stepsahead14
2026-01-21T10:09:51-07:00,1,Horrible renewal system,They keep charge you money after canceled membership!!don’t pay this this app!,3.5.4,Jinnnnnnmnmmn
2026-01-19T21:01:44-07:00,5,Very personal training,"This is very personal training, along with the time I used it, it provides more personal suggestions",3.5.3,Jackjie Qu
2026-01-19T20:42:51-07:00,5,Improved my pronunciation skills,Excellent self pace resources that helps me to achieve the goal to improve my pronunciation skills. The coaches are so good and I love that the app identifies what I say wrong so I can be self aware and practice more,3.5.3,Epicb1998
2026-01-18T20:54:37-07:00,5,Accent reduction,I’m loving it !,3.5.3,Princesswarda
2026-01-17T16:19:44-07:00,5,Amazing!,All star app!,3.5.3,dsdave90b
2026-01-17T11:54:11-07:00,5,Me encanto!,Super bien explicado y súper dinámico,3.5.3,Leslie Dayanne
2026-01-17T09:21:02-07:00,5,This app is fantastic!!!!,I’m learning a lot with my coaches!,3.5.3,Clothasub
2026-01-16T20:08:43-07:00,5,"I had my doubts, but it blew my mind","When I’d get an ad on social media, I thought it was another cheap AI slop app. But then I tried and it’s incredibly accurate in the assessment of nuances in the pronunciation. I’m considering the premium subscription.",3.5.3,Pietrociao
2026-01-15T02:09:53-07:00,5,La mejor aplicacion,"Me encanta esta aplicacion.
los ejercicios de pronunciacion son muy buenos y te explican a detalle que estas haciendo mal",3.5.1,Marla1323
2026-01-14T07:03:26-07:00,5,Spanish RRR iiiii,"This is my second day training. Love this videos short, friendly and to the point. The iiiii sound is so difficult for me. However the app helps you with visuals to rewrite the brain to pronounce it different. The brain reads faster that the sound 😂. But the visuals force you to do it right. Hard to explain. But it works!!!Thank you!!!",3.5.1,Mi Norita
2026-01-13T10:18:43-07:00,1,Scammers,"Scammers! Without any notification or agreement, they raised the price to $199 per year and quietly debited it from my account! The official website shows the price as $149.  The money is being debited by a completely separate organization! It's unclear how to get a refund. They don't respond to emails! Be careful.  Definitely don't pay for a year in advance",3.5.1,Ивана3446
2026-01-12T19:17:48-07:00,5,Para mis hermanos hispanos,"Ha sido la mejor app que he usado en todo mi aprendizaje en este idioma, entendía la gramática pero me faltaba aprender a pronunciar los sonidos y aunque tenía la confianza al momento de hablar no me entendían y tengo casi dos años de estar usando esta aplicación y mi speaking a mejorado por mucho, acepto que un no lo hablo como nativo pero ya puedo comunicarme sin tanto problema como al inicio, si estás buscando una app para mejorar tus skills en inglés esta app es la indicada, cada centavo de dólar que he pagado por ella ha sido bien invertido.",3.5.1,Bernardo Castillo
2026-01-12T01:03:55-07:00,4,Very professional,"I’m so happy that i found this English pronunciation teaching app with great teaching techniques, it’s exactly what i was hoping and looking for.",3.5.1,Mwn80
2026-01-11T11:08:04-07:00,5,Great Tool,I have been using this app for several months now and people around me are definitely noticing the improvement.,3.5.1,Nancy Godinez
2026-01-11T08:49:56-07:00,1,Racist app that keeps colonial mentality alive. There is no such a thing as American accent.,"There is no single “American accent” — the U.S. has many accents. Teaching one as the standard reinforces a colonial and racist mindset, especially when people are bullied in Western countries based on how they look or sound. Ironically, accents are policed, but so are appearances — even Americans with accents have been harassed recently. Respectfully, passing often depends more on how you look than how you speak. Apps like this risk reinforcing that harmful hierarchy.",3.5.1,My app for rent
2026-01-11T07:43:22-07:00,5,Great app,Incredibly useful,3.5.1,Dario NYC
2026-01-09T18:39:48-07:00,1,"⭐️ 1 star – Extremely misleading, charged $150 after cancellation","This app is deceptive.

I signed up for the free trial, canceled it on time, and still got charged $150. Before the charge, I double-checked my Apple ID subscriptions and BoldVoice was NOT listed as an active subscription. I have screenshots proving this, yet the charge went through anyway.

This is not a mistake — this is a serious transparency issue. A free trial that turns into a hidden charge is unacceptable. If a subscription doesn’t even appear in Apple’s system, users have no way to protect themselves.

Now I’m forced to fight for a refund for a charge I never authorized. This feels predatory and incredibly unprofessional.

Do not trust this app. Use at your own risk.",3.5.1,Elena Farris
2026-01-08T07:26:16-07:00,5,Me encanta,"De verdad se interesa por mi pronunciación, y no avanza hasta que la mejoro yo mismo",3.5.0,José21M
2026-01-08T04:07:32-07:00,5,Excellent Methodology,"A clear, organized, and efficient system for developing North American pronunciation skills",3.5.0,server5393
2026-01-07T18:55:58-07:00,5,Good job!,"The teacher's articulation is so clear.  It really helps. However, sometimes some of my pronunciation is not picked up by the recorder, such as the dark L.  It’s frustrating.",3.5.0,琴书侣
2026-01-05T19:34:02-07:00,5,Need new materials to learn Pronunciation effectively,"I have learned how to pronounce English words with BaldVoice for a year.  I’ve made significant progress.  However, I have noticed most lessons have been repeats.  I’d like new materials for me to make further progress.",3.5.0,Sae I
2026-01-05T19:06:39-07:00,5,A nice app,I love it,3.5.0,Arcadiachan96
2026-01-03T17:05:19-07:00,5,Very goood for speaking,Amazing,3.5.0,Acarolamelv
2026-01-03T15:18:23-07:00,5,Surprisingly good,"More than I expected, I am on the free trial, but I might keep it.
It.",3.5.0,Darideivi
2026-01-03T11:52:54-07:00,5,Excellent Pronunciation App,"Loving it! It’s fun, almost like a game but to learn!",3.5.0,prikaleme
2026-01-01T10:22:42-07:00,5,Best app in this topic,I’ve been using this app for a week and l have to say that I really like it.,3.5.0,Best bible ever.
2025-12-30T11:43:08-07:00,2,Is it good?,"It doesn’t really help I speak at a 
Professional English and 
Each time that air rates me it gives me 50%",3.5.0,I love this keybord🙂
2025-12-29T22:51:50-07:00,1,AI Slop,"The promise of lessons with a qualified instructor is a lie. Your only interactions in the app are with a rather crude AI.  There are no instructions on HOW to pronounce difficult sounds. There is nothing on speech rhythm, or any practice on full sentences . You are just repeating words after AI like a deranged parrot. 
Another red flag is their predatory billing practices - the app promises to send you a notice when your free trial period is ending, but the only notice I got was AFTER they bilked me fir a full year. There is no contact info or customer service, do I had to file a dispute with my credit card.",3.5.0,Badlon
2025-12-28T21:32:19-07:00,5,"Very, very helpful",BoldVoice is one of the few apps that I’m willing to pay for. It helped identify the area for improvement (I’ve moved to the US for many years!) and provided detailed instructions on how to make it right.,3.5.0,beb meng-o
2025-12-28T12:08:46-07:00,5,Lexer,Best app,3.5.0,Jaskoson
2025-12-28T06:10:59-07:00,5,Fantastic,Awesome! Awesome App!!!,3.5.0,mirzoanvar
2025-12-27T11:21:17-07:00,1,Unable to Register,"If a native language is not listed , one cannot register. Provide an option “Others” or “Not listed” to complete registration .",3.5.0,bleix73
2025-12-26T17:57:29-07:00,5,Accent skills,This is a great way to learn how to pronounce each word right and without an accent,3.5.0,ogoggaga
2025-12-26T04:24:15-07:00,5,Best for Fine Tuning Pronunciation,"I have been using BoldVoice for 10 months now. I also subscribe to ELSA Speak and have tried other apps on trial basis. I use and like BoldVoice the most because it is the most sensitive in detecting mispronunciations. It also provides the most relevant and helpful solution to correct the mispronunciation. However, BoldVoice’s AI can be quite frustrating at times, especially after you’ve mispronounced a word. It has a tendency to keep saying that you are mispronouncing the same word even though you have made the correction.  BoldVoice allows you unlimited use so you can train more when you’re free. ELSA Speak allows limited training per day so you have to come back the next day once you have completed your daily training. ELSA Speak’s coach sounds robotic so it feels less natural but it’s AI conversation and feedback is very good. All these apps have their pros and cons so do your research and try different apps to find the right ones for you. They usually offer a free trial period. I am 55 years old. I am not trying to completely remove my Malaysian accent. I just want to sound clearer to Americans and BoldVoice fits the bill nicely.",3.5.0,iSpeakMyMind4Realz
2025-12-25T11:16:22-07:00,5,not just for pronunciation,"very helpful to improve pronunciation. It enables you to better understand native speakers, which means you can follow the conversation more easily. Also correct pronunciation make it easy to memorise new words what significantly expand your vocabulary",3.5.0,Bioric
2025-12-24T11:18:47-07:00,1,Withdraw money without my consent,Withdraw money without my consent,3.5.0,pphgsshi
2025-12-24T07:39:10-07:00,5,I can see how much it is helping me,I did not know how much I was mispronouncing my words until I started using this app. I am glad I found it.,3.5.0,princessblue64
2025-12-24T02:05:42-07:00,5,Awesome!!!,Great concept of studying in your language,3.5.0,magnopi
2025-12-22T11:13:41-07:00,1,Fake,"For the test, I had a native speaker speak to see whether the app actually evaluates accurately. It’s funny that the result was that the person still doesn’t sound like a native speaker — haha.",3.5.0,Italy1995
2025-12-22T10:19:52-07:00,5,helpful for pronunciation practice,I just started using but so far love the explainers for different sounds I didn’t even know are different,3.5.0,ChrisParj
2025-12-21T20:12:01-07:00,5,Thank you,The best app,3.5.0,Wulleta
2025-12-20T16:12:44-07:00,5,Confident on practice,Today is my first day at practicing with BoldVoice. I hope my accent will be nice if I continue practicing here.,3.5.0,The RumelBD
2025-12-18T15:03:11-07:00,1,avoid this app,it is a scam i was charged $149.99,3.5.0,Jennifer Nguyin
2025-12-18T07:40:58-07:00,5,Accent,Nice app,3.5.0,Oladio120
2025-12-18T05:04:29-07:00,5,Cool stuff,I really like this app.,3.4.9,Wetpaint3
2025-12-17T04:40:00-07:00,5,Chinese speaker - helping with the ending “L” and “th” sound,"Been using it for a year, and I’m getting better at the ending L sound and th sound where i pronounce like ou and d",3.4.9,Laorui
2025-12-17T01:43:12-07:00,5,Best education app,thanks for this opportunity,3.4.9,ссоаоан
2025-12-16T14:20:46-07:00,5,King,Great job,3.4.9,bigsister19
2025-12-15T20:15:20-07:00,1,BeCareful about auto renewal,"I didn’t set auto renewal but default is auto renewal and withdraw $199 annual membership without any notice. I request refund but never responded to me. In help site, it says they will response within 1 day, but reality is not. Really hard to reach out and email them",3.4.9,Jai CA
2025-12-14T18:46:20-07:00,5,Absolutely amazing,I love how the coach gives you the greens and reds,3.4.9,claugrazi2727
2025-12-13T20:53:11-07:00,5,Great improve my accent,Many helpful tips & explanations. Great app to improve my accent. Nice to know which section is wrong. Good to know comparisons in similar but different pronunciation.,3.4.9,avocado2019
2025-12-13T18:54:58-07:00,5,Great coahes,Great explanation,3.4.9,tarasko2025
2025-12-11T20:58:27-07:00,5,Love it,It is really working for me! I’m correcting a lot of pronunciation errors,3.4.9,Jennychani
2025-12-11T17:48:08-07:00,5,A rare occasion of a great implementation of a great idea!,Love the study plan and fantastic tutors!,3.4.9,Alex Roman 3000
2025-12-09T10:40:06-07:00,5,Amazing application,I have improved my pronunciation very much thanks to Bold voice. It’s really worth it!,3.4.9,blazehdz
2025-12-08T20:27:31-07:00,5,"After years of ""good"", finally going to ""great""","For some reason I thought I had  ""mastered"" English and accent wasn't something I could fix. I came in suspicious after getting targeted by the ads, but I've been blown away. I've been shown the blind spots in my English and practical ways to improve it. It's exciting to be in learning mode again for this language I use professionally every day.",3.4.9,JL-review
2025-12-08T15:31:22-07:00,5,Haciendo prueba gratuita,"Muy bueno, me gusta el detalle que presenta y me está ayudando a pronunciar mejor.",3.4.9,Tcgsu
2025-12-08T11:16:36-07:00,1,Potential Scam and Fraudulent Billing Practices,"Warning: Potential Scam and Fraudulent Billing Practices

I would give zero rating since no option to give zero, giving one. 
I signed up for a 7-day trial and attempted to unsubscribe well within the trial period. The system repeatedly blocked cancellation and instead pushed a 50% “offer,” after which I was charged $99 without authorization. Shortly after, I was also charged $149 plus an additional $99, totaling charges for two accounts I never approved.

When I contacted customer service, I was told nothing could be done, despite clear evidence that the charges occurred during my attempt to cancel. My emails received automated responses with no resolution.

These practices appear deceitful, misleading, and potentially fraudulent. Consumers deserve transparency, fair billing, and the ability to cancel trials without being charged multiple unauthorized fees.

I urge Apple, Google Play, and the Federal Trade Commission (FTC) to review and investigate BoldVoice’s billing practices.
Please be cautious  in my experience, this service did not honor its trial, cancellation, or customer service commitments.",3.4.9,Austingiltus
2025-12-07T12:30:51-07:00,5,Amazing app!!!,Nice and friendly,3.4.9,Spectator 12
2025-12-06T18:51:57-07:00,3,There is only one subscription plan,"The app is amazing, and I believe it can really improve your skills. I was going to purchase a monthly subscription; however, Bold Voice doesn’t seem to have one. I was under the impression that according to the AppStore terms and conditions apps must offer various plans. Signing up for a yearly plan with ~$150 cost doesn’t seem to work for me. Had to delete the app, this is a bit frustrating.",3.4.9,Raleksa
2025-12-06T18:09:20-07:00,2,Not recommended,It’s not accurate,3.4.9,Anas Sankar
2025-12-06T12:12:55-07:00,1,Cancelled my subscription but still got auto renewal,I cancelled my subscription more than half a year ago and it will expire tmr(12/7) and today(12/6) it was auto renewed without any in advance notice. That is ridiculous.,3.4.9,bill8608
2025-12-05T18:04:30-07:00,5,very good,started making progress the first day,3.4.9,ameliashoww
2025-12-04T09:14:17-07:00,1,Intentionally confusing so that they can double charge,Their free trial is only offered through the App Store so their subscription appears on your Apple account. But the annual subscription discount is offered only through their app so you have to double subscribe. Got charged for renewal because I only cancelled through my Apple account. Don't forget to cancel both subscriptions. This is the first service I have faced this kind of grifting with.,3.4.8,Dobby0812
2025-12-03T10:56:59-07:00,5,Excellent tool,Nice program. Good practice,3.4.8,Laura R Hein
2025-12-02T22:23:08-07:00,1,App is not working,"I wanted to do trial so i added my card number, but it did not work at all. I did not have a chance to use it. I want to sign out and delete my account and also please erase my card number to be sure to not pay for this after 7days!!",3.4.8,?뭐야
2025-12-02T18:53:01-07:00,5,The best,Vale la pena pagar su valor. He aprendido mucho y mejorado mi pronunciación. He buscado muchas apps y me quedo con esta.,3.4.8,JennVallej
2025-12-02T17:53:05-07:00,4,Es buena la app,Se nesesita pagar $ pero si te corrigen bien la pronunciación,3.4.8,mamaryy
2025-12-02T13:05:52-07:00,5,Helpful app,Amazing app that is helping me to learn how to read and sing better!,3.4.8,ledjfjgisjwrb
2025-12-02T04:30:04-07:00,5,Great app for training even discerning speakers,"Through practical demo videos and repetition, I now understand why American English sounds the way it does. I’m more aware of how I sound myself. The speech recognition and analysis feature is excellent, I’m glad to have this app. I use it almost everyday.",3.4.8,BernieTai
2025-11-28T16:28:50-07:00,5,Amazing,That’s the best app I ever used. I’m loving it!,3.4.8,Sra. Moraes
2025-11-25T22:45:18-07:00,1,No lo necesito,Me di de baja nunca lo usé y me siguen cobrando el plan deseo quitarlo y no puedo,3.4.8,Arasamsamguliguli
2025-11-25T21:19:21-07:00,5,Good job,Professional,3.4.8,Epikoria
2025-11-24T12:15:06-07:00,5,Finally I got help,The app pointed me what I have been missing to be close to a native speaker. Hats off to the creators!,3.4.8,newsfeast007
2025-11-24T07:44:24-07:00,5,Good job!,"They are doing a pretty good job with training American sounds, and I’m happy that I can go through my practice very thoroughly — repeating full words and phrases, as well as individual sounds, as many times as I need and at my own pace.",3.4.7,Mariia Dimitriieva
2025-11-23T17:38:03-07:00,1,Yall need to fix this issue,The app doesn’t let you cancel there subscription after the free trial.,3.4.8,Yall need to fix this issue
2025-11-23T08:10:45-07:00,5,I love BoldVoice!,I’ve been practicing BoldVoice everyday for 1 year. Everyone said my pronunciation is very good. I love BoldVoice and I always tell everyone who compliment me about my English that I have been practicing BoldVoice that why my English is good. I love BoldVoice and I really love to practice more. If you want to improve your pronunciation to speak English like native speaker. I strongly recommend practice Bold voice.,3.4.7,RainnyRain
2025-11-20T08:09:42-07:00,5,Great app!,Awesome app! I can see real improvement,3.4.6,SophiaJafet
2025-11-19T11:28:43-07:00,1,イマイチ,解説動画で説明される舌の形や位置などは全くピンと来ないし役に立たない。自分では全く同じように発音しているつもりのものが突然35%になったり92%になったりしてなんの改善にもならない。,3.4.6,Bon_MA
2025-11-18T08:23:45-07:00,5,Great app,I’m loving it already,3.4.6,Queen ferrere
2025-11-18T01:03:58-07:00,1,Worst app with no working assessment,I bought app but can't start it. IPhone 16 pro Max. Spend 150 for this and get nothing,3.4.6,Jayjay_LA_1991
2025-11-17T15:04:15-07:00,1,The app needs further development,"The app is helpful to some degree, yet the pronunciation coaching isn’t always aligned with the explanations of the sounds. 
Certain words are pronounced differently depending on context. This matter needs to be stressed and fully explained.",3.4.6,Annkdlhi
2025-11-17T09:23:21-07:00,5,Great app,The best app to  help you improve your pronunciation,3.4.6,Lilywalls
2025-11-16T12:02:49-07:00,1,Did not help,"The app did not improve my English pronunciation as advertised. I used the Premium features and followed the lessons, but the feedback was inconsistent and didn’t match my actual speech, the feedback was unclear and couldn’t point out my pronunciation issues 
. The exercises felt repetitive and didn’t address the issues the app promised. Customer service is also not helpful when I asked for a refund of my money",3.4.6,P Whom
2025-11-15T19:09:50-07:00,1,Many  bugs and repetitive lessons.,Do not pay for it.,3.4.6,えぬし111
2025-11-15T12:06:59-07:00,1,го3но полное,опросник в начале как будто я в вуз документы подаю,3.4.6,sonik1968
2025-11-15T10:33:12-07:00,5,I give you 5 star for this app,"Boldvoice app is a good app that I looking for improve English skill, thank you so much.",3.4.6,cherludo
2025-11-15T08:42:46-07:00,1,Terrible AI scoring. Don’t waste your money,This app will force you to mispronounce words because their AI scoring system is horrible. Don’t waste your money on it.,3.4.6,BoldAppSucks
2025-11-13T17:56:05-07:00,5,Dream Come True,"I always wanted a coach to improve my accent and correct pronunciation. I used to call my friend for help, but not anymore! I can study daily as much as I want without bothering anyone. I have been learning so much with BoldVoice! I am very grateful.",3.4.5,RRkeller
2025-11-13T10:30:20-07:00,5,I give five stars,I had a good experience and good improvement in my English pronunciation. I appreciate this good program.,3.4.5,Pinger1969
2025-11-12T17:14:10-07:00,5,The best app ever!!!,My pronunciation has improved sooo much. I strongly recommend BoldVoice,3.4.5,Ale Kredensir
2025-11-11T20:39:45-07:00,5,Good Pronunciation coach,It really good for showing how to move the tongue and mouth to make the correct pronunciation.,3.4.5,Oo Oo Robben
2025-11-11T18:21:01-07:00,5,"It's a tough challenge, but we can do it.","It’s hard reaching the desired level, but It’s not impossible.",3.4.4,Srytpp
2025-11-10T07:18:07-07:00,5,比去年有改善,好,3.4.4,圆乐圆
2025-11-09T22:33:44-07:00,1,it is hard to cancel.,"I purchased the app for a year. When I tried to cancel, there was no way to cancel within the app. Also not able to cancel through Apple app either Until I saw the charge in the Credit Card, I have to dispute through the credit card. Buyers need to aware.",3.4.4,ienbehuv
2025-11-09T15:45:12-07:00,5,The best app,"This app is great for learning English. If you practice every day without fail, you'll learn how to pronounce words correctly. My husband is American, and he told me my pronunciation has improved a lot since I started using the app. I'm very happy with my lessons.",3.4.4,Domi2904
2025-11-07T17:31:38-07:00,2,Repeating the save words,I am repeating the same words for almost a year. Lack of variation and the words are the ones you rarely used in english or at work.,3.4.3,Amelie!2
2025-11-06T21:40:07-07:00,4,Issues with coach pronounce,"Since last update, I am having issues with listening to coach pronunciation",3.4.3,Moaz09256
2025-11-06T18:20:40-07:00,5,Great grammar & pronunciation tool,It has great examples to improve pronunciation along its lessons.,3.4.3,A- Catalan
2025-11-04T19:56:43-07:00,2,Not loading,I had to cancel because as of the 3rd day they videos were not loading so I couldn’t do anything,3.4.3,Edka000
2025-11-04T12:47:35-07:00,1,"Their support doesn’t respond at all, and they still haven’t refunded my money","On the very first day of the paid version, the payment was charged through a third-party website without any warning.
When I contacted their support, I received no response.
They deleted my premium subscription, but the money was never refunded, and their support doesn’t reply at all.
There is also no record of my previous support requests — they seem to be deleted.",3.4.3,val007007
2025-11-03T19:55:13-07:00,5,Terrific way to learn to listen and speak and visibly improve,"Initially, I was a bit skeptic. But the approach, implementation, and well pasted repetition and focused attention really are coming together through immediate practice. I have seen visible progress – name – auditory process, and better pronunciation and speaking patterns - that I’m encouraged to continue. It’s in the details that our language matters.",3.4.3,NY sensitivities
2025-11-03T11:04:37-07:00,3,Full of bugs and keeps getting stuck,This is the third time I have had issues with your app. It gets stuck on loading the lesson and then I can’t move to the next lesson/practice because you make them dependent on finishing the prior. You need to work out your bugs ASAP because you’re losing me.,3.4.3,1234567890BAD
2025-11-02T09:52:36-07:00,5,The Best,Easy App,3.4.3,Kekausa
2025-11-02T08:52:34-07:00,5,Top praise from a linguist,"The only tool that truly helped me see and improve my weak points. It gives excellent, detailed feedback on the pronunciation of each word, with clear explanations on how to produce every sound correctly. I used it for about 20–30 minutes a day, and within just two months I found myself speaking with much more confidence. I’ve been using it consistently for over a year now, and my speech has improved immensely. I love it so much that I’m sure I’ll keep using it for another year.",3.4.3,Nadinnne
2025-11-01T22:18:25-07:00,5,Great,Excellent,3.4.2,@Pazito
2025-11-01T18:11:25-07:00,5,Just the level of detail I wanted,Great,3.4.3,Tzx12543897;)😈😇
2025-10-31T18:22:14-07:00,4,Recommend accent training app,"This app provides helpful lessons for accent training. However, there is a huge con. The app should give more practice for each sound. The progress is moving too fast. More practice for one sound before moving into another one.",3.4.2,Fake.N
2025-10-31T06:18:11-07:00,5,Excelente.,This App is very helpful for the pronunciation improvement.,3.4.2,delalacruz
2025-10-30T12:18:32-07:00,5,Cookies,I hate the word cookies so far. My husband harasses me for it and now you are giving me only 80% for it 😁,3.4.2,Giabellissima
2025-10-29T15:15:12-07:00,4,No,Thanks,3.4.2,Moe Halim
2025-10-29T13:43:01-07:00,5,Accent Training,"Amazing tool, perfectly created",3.4.2,Naja i Kaja
2025-10-29T11:41:17-07:00,5,It’s worth it,Very hard to learn this kind pf thing by just listening to people talk. The app is useful,3.4.2,Hdjejenshskandvd
2025-10-27T17:37:12-07:00,1,predatory subscription,don’t sleep on the fact they push their subscription outside of the apple ecosystem so if you trial it you’ll still be charged even if you delete the app and don’t see the subscription in your apple pay,3.4.2,stevenosloan
2025-10-27T15:11:15-07:00,1,Videos stop working properly,"The reason for what I bought it, it is not working since last week. It doesn’t show the videos. And it looks like beta app with too many errors.",3.4.2,Wsmithf
2025-10-26T19:45:22-07:00,1,The app gonged my native speaker husband!,"The product worked flawlessly during the trial period. Once you sign up for a paid subscription, things take a turn for the worse. I am currently stuck in an exercise for the past week — a pronunciation exercise that even my American husband failed! One thing that has never failed is the app’s incessant requests for me to recommend it to friend$. Clearly the emphasis is on expanding their customer base at my expense. Don’t waste your money.",3.4.2,Bartleby_1776
2025-10-25T12:43:17-07:00,5,Best pronunciation app so far,"It will be enough to say I’m paying for it the whole year and probably longer - and it’s totally worth my money! The AI recognise even your smallest mistakes, which actually makes sense when you talk with a native person. Only thing - no promotions or discounts..",3.4.2,curious_stranger
2025-10-24T07:45:21-07:00,5,Useful,Useful,3.4.2,ewuak 999
2025-10-23T20:03:19-07:00,5,Great aid,"I love lessons very clear and easy to follow. The app is truly focus in improving your pronunciation but it does not give you grammar rules, I am more aware of the different sounds in the english language, let see in 6 months if I am improving.",3.4.2,Saving lady
2025-10-23T11:29:41-07:00,5,Great app,"I worked with a speech pathologist who is specialized in foreign accents and it was annoying to schedule appointments, and pay a lot of money for a short session. This app is amazing. Everything I ever imagined to make improvements for the fraction of a price what a therapist charges.",3.4.2,Abigail345
2025-10-22T12:02:22-07:00,5,Helpful,I feel like I have improved my pronunciation,3.4.2,Yoooooo12346
2025-10-22T06:14:41-07:00,5,Very useful,"I love this app. I figured out how to pronounce each word, it’s very clear and easy to get the sounds after the coach’s explanations.",3.4.2,Juniow10x
2025-10-20T11:01:32-07:00,2,waste a lot of time,they put a lot of unnecessary blocks for example you can not skip a word even their system has some issue you have to complete a class to be able to access to the next one. Very inflexible experience feel it is their strategy to keep you spend a lot of time in the app and keep subscriptions but it is a waste of customers time as I may just want to practice some specific pronunciations,3.4.2,Miaomiaolovetalk
2025-10-19T18:16:33-07:00,5,I really enjoy it,I have improved my pronunciation tremendously with the help of Bolvoice,3.4.2,SILFREDON
2025-10-15T22:02:36-07:00,5,Great to improve your pronunciation!,Great to improve your pronunciation!,3.4.1,DOMINGUE Pierre
2025-10-15T20:06:25-07:00,5,When will the British English version be updated?,When will the British English version be updated?,3.4.1,william aino
2025-10-14T18:24:57-07:00,5,Bold,The best app to improve your accent,3.4.1,EJMUVP
2025-10-14T15:40:30-07:00,5,Works,Small changes will make a big difference when speaking and the coaches are there to make sure you dominate each sound.,3.4.1,eljpana82
2025-10-14T09:18:19-07:00,5,Improves,I’ve been using for about 2 weeks now and I feel an improvement in my accents,3.4.1,Mikey Bonot
2025-10-14T06:08:21-07:00,3,Pricing,"It’s a great course, I really enjoy the feedback loop and recording , but what I don’t enjoy is the greedy pricing model, it’s too much , think about all the subscriptions that people going with , if its 5 $ I would do it but this is too much.",3.4.1,Samecheck
2025-10-14T05:12:06-07:00,5,Excelente,Excelente,3.4.1,Fspez
2025-10-14T00:14:19-07:00,5,So far so good,"I’ve always struggled a bit with my English, especially my pronunciation. I can tell when people don’t fully understand me because of my accent. I learned English from a non-native teacher, so while I know the grammar and have a decent vocabulary, we didn’t really focus on speaking accurately. Every country also shapes sounds differently, which makes it even trickier.

I’m on my third day of the trial, and I have to say, this app is really helpful! I love that it’s interactive and shows you the tongue placement, so you can actually see and practice how to pronounce things correctly. I’ve already noticed mistakes I never realized I was making before (and honestly, only a couple of people ever pointed them out in the past ten years living in the USA).

I’ll definitely keep using it after the trial. It’s such a great tool, but like anything, it really depends on how determined and consistent you are. Rushing through just to get a checkmark or star won’t take you very far. Knowledge and skill come only with real practice.

Good luck with your studies, everyone!",3.4.1,pinky potato
2025-10-13T23:06:31-07:00,5,🙃,"Дорого, но действительно хорошее приложение для изучения и практики",3.4.1,Монахин ВЛГ
2025-10-12T21:04:17-07:00,5,Very Helpful,I really love this app. Should have added this before,3.4.1,La Fiskal
2025-10-12T18:26:16-07:00,5,Great App.,"Buenos ejemplos de cómo pronunciar, las prácticas de cómo te escuchas son también excelentes!",3.4.1,CesarR1.67
2025-10-12T08:34:38-07:00,3,Not accurate phonetic  descriptions,"Specifically, it does not flag the sounds I make mistakes but the words category: the word total uses a “dd” sound and “uh”, and I only make a mistake in the “uh” but kept acing all dd sounds, yet the app kept suggesting me lessons on “dd” instead of “uh”.  So it makes a poor job at flagging the sounds I am making mistakes.",3.4.1,Lamayale
2025-10-09T18:04:21-07:00,1,Scam don’t fall for it,"Do not try , they will not refund your payment even if canceled within the supposed free trial. It will take you to stripe billing and they won’t let you cancel , they would charge you a full year and not refund you. Don t try , don’t try , don’t fall for it",3.4.1,Thumbtack scammed
2025-10-08T13:18:57-07:00,5,I’ve been trying the app many times and the amount of constant improvements is amazing,"Tried the app recently and I am very pleased to notice all the small tweaks and iterations that went through the app. Such a pleasure to use, going for my weekly streak this time!",3.4.1,rafaelmedian
2025-10-07T18:14:27-07:00,5,"Yes, you can teach an old dog new tricks",BoldVoice has helped me identify area of improvement that I had struggled with for a while. I’m a work in progress,3.4.1,Wiz40
2025-10-07T12:58:46-07:00,5,English,Best investment ever,3.4.1,Raaj2263738
2025-10-06T10:55:03-07:00,4,Great features with room to improve app.,"The direct feedback through the use of AI has accelerated my learning tremendously. In three months, not only I notice my pronunciation and accent errors, but also I started to have the correction be part of my muscle memory. The app can be improved by increasing its smoothness in day to day use and adding additional settings for flexibility. Thank you for this great app!",3.4.1,Asan San
2025-10-05T20:19:54-07:00,1,Renewing Subscription,"I cancel my subscription from AppStore before 6 month ago, but you charged again. And I can’t reach you out. You don’t have email, phone number or chatbot to reach you out. So you can do whatever you want. Perfect.",3.4.1,DilmenR
2025-10-05T13:06:07-07:00,5,Great tool!,"I have realized what pronunciation mistakes I’ve been making while speaking English.
Is worth every penny.",3.4.1,masepreid
2025-10-04T17:45:51-07:00,5,Perfect app,Learn something everyday,3.4.1,58Octopus
2025-10-03T22:04:01-07:00,1,Very expensive,The price does not match the quality of the app. It’s very difficult to get a refund.,3.4.1,Angry Kyiv Boy
2025-10-02T21:07:19-07:00,1,Hard to identify sounds,It’s hard to identify different sounds and it fails to show how to make sounds described.,3.4.1,GM2911kkkk
2025-09-30T20:28:25-07:00,5,Pushing me!,"Finally, a way to get immediate feedback and take the time to practice until I feel comfortable with a specific sound.",3.4.1,Timpanogos!
2025-09-29T06:49:02-07:00,5,The best app,"Is an exceptional app 10/10
I like I loved",3.4.0,Eryndi
2025-09-29T06:35:26-07:00,5,marvelous!,"this app is incredibly well done. It’s professional , it has no annoying cheesy upsells, and it’s useful both for regular speakers to whom English is a second language, but also foreigners who practice American English for acting. I speak almost 9 languages, and have thick accent in all of them . It never bothered me, but it is nice to know that I can learn how to speak with less accent !I am grateful and delighted to see such a well done application. Thank you..tanja",3.4.0,td77td
2025-09-27T14:58:21-07:00,1,scam subscription,"The subscription doesn't show up in your apple phone subscription list. So they can scam u ,be aware of the this scammers.",3.4.0,shyjuss
2025-09-27T07:58:06-07:00,5,One,5 Star,3.4.0,concerto 1
2025-09-27T06:15:49-07:00,5,Improving my English,Excellent,3.4.0,MILLIESD
2025-09-26T20:29:30-07:00,5,My favourite app!,"I’ve been using Boldvoice for about a month now and I absolutely love it! The lessons are engaging, fun, and motivating—I always look forward to my daily practice. I can already feel noticeable improvement in my pronunciation and confidence. Highly recommend it!",3.4.0,Dinameln
2025-09-24T18:15:06-07:00,5,Great App!,I have really improved mi pronunciation in just a few weeks!,3.4.0,HSF2013
2025-09-23T08:43:52-07:00,5,Ai put to good use,"I Have Been trying For Years to polished my accent, the immediate feedback that you get with this app and the breakdown of vowels and syllables has been incredible helpful, I have complements for strangers about how now instead of trying to understand me they notice a light accent and how great my English sound, is like having a personal coach. I def recommend this app.",3.4.0,Shihengqiang
2025-09-22T19:09:20-07:00,3,Great start with a declining value as you progress,"I love the app and was impressed with my the progress, but just in several weeks I started to keep getting useless filler lessons that has poor aim of learning me something, but rather pure financial intentions to keep me in the app forever. “Word of the day” as the whole lesson for the day? Seriously? And that’s only the beginning of my subscription. I’m highly concerned even to imagine what it will turn into further",3.4.0,KeitaroUA
2025-09-22T08:09:57-07:00,5,no limit to study,Just start and feel can improve my language easy and fast,3.4.0,Safwan963
2025-09-21T18:08:39-07:00,5,Perfect,This is very good and he is learning right sound and he want you professional very thank you,3.4.0,Mohamad Al  Mutadwar
2025-09-21T15:46:15-07:00,5,"Try it, it’s worth it",Expensive but worth it,3.4.0,Cujba Alexandru
2025-09-21T13:54:50-07:00,5,I improved my accent a lot,I have a Chinese accent and missed the Dark L and S all the time. Now I have totally improved my accent,3.4.0,305Lulu
2025-09-19T07:28:12-07:00,5,Excellent,It works specifically in your deficiencies!,3.3.9,Nena Astrid 33
2025-09-18T18:31:42-07:00,5,Love this app👍,"I am Japanese and my English is not so good
So hope you can understand 
I love this app.
I started this app 4 days ago and  l can tell that improvement.
I love my teachers!
I am looking forward to studying English every day now!",3.3.8,さゆどどんがどん
2025-09-18T15:45:56-07:00,5,Nice structure and playful learning,Well structured app and has good learning steps,3.3.9,balance@26
2025-09-17T18:50:27-07:00,3,Constantly getting the hourglass,"Everything was fine in the beginning. Now most of the time, I get this long delay after couple of minutes of using. System has become extremely slow that majority of the time, I just have close the app and quit. Became almost unusable. Unless this performance issue is resolved, it is not worth it. Functionality of the application itself is good, especially the video explanation, recording and feedback.",3.3.8,X1234666
2025-09-14T19:24:24-07:00,5,Magical experience,This app is a must-have for anyone who’s looking to improve on their American accent.,3.3.7,Bongolee101
2025-09-14T07:04:27-07:00,5,Finally help with my accent,"I have been speaking English for over 30 years, but certain sounds that do not exist in my native Russian are still a challenge. This app helps me to understand when I sound off and guides me to better pronunciation.  Recommended to anyone who wants to sound like a native speaker.",3.3.7,ptitsa
2025-09-13T03:55:21-07:00,5,I do need your help,"You are doing great guys, and I do need to improve my muscles tongue",3.3.7,Almelhim
2025-09-12T02:13:49-07:00,2,App doesn’t work,"Hi guys,

I like what you are doing; however, I haven’t been able to access the app from my iPad since the 10th of September. My streak has been broken, and it’s disappointing because I was doing well with my streaks.",3.3.7,E.D.6par
2025-09-11T10:39:39-07:00,5,素晴らしいです,子どもと楽しく発音練習できています✨,3.3.7,Hakoママ
2025-09-09T17:04:03-07:00,5,❤️,This app has helped improve my English pronunciation by a lot,3.3.7,kevinp98-
2025-09-08T18:12:37-07:00,5,Helpful!,Repetition works!,3.3.7,Bruno hur
2025-09-08T08:41:22-07:00,4,Great but expensive,Only used for one day so far it seems great but for recordings that that are most likely aided by AI $13 seem too expensive,3.3.7,greeny05
